track_id,playlist_id,,
70,1,,
5,2,,
6,2,,
67,3,,
16,4,,
17,4,,
65,5,,
34,6,,
29,7,,
50,8,,
20,9,,
21,9,,
61,10,,
80,11,,
7,12,,
85,13,,
57,14,,
58,14,,
91,15,,
87,16,,
19,17,,
48,18,,
49,18,,
44,19,,
82,20,,
37,21,,
30,22,,
3,23,,
4,23,,
25,24,,
39,25,,
33,26,,
18,27,,
59,28,,
8,29,,
69,30,,
93,31,,
94,31,,
95,31,,
27,32,,
75,33,,
76,33,,
66,34,,
38,35,,
46,36,,
47,36,,
52,36,,
26,37,,
88,38,,
89,38,,
53,39,,
84,40,,
40,41,,
41,41,,
90,42,,
1,43,,
2,43,,
42,43,,
9,44,,
92,45,,
28,46,,
35,47,,
55,48,,
64,49,,
54,50,,
43,51,,
45,52,,
71,53,,
72,53,,
36,54,,
24,55,,
73,56,,
22,57,,
60,58,,
83,59,,
74,60,,
23,60,,
77,62,,
10,63,,
51,64,,
62,65,,
14,66,,
15,66,,
31,67,,
78,68,,
68,69,,
86,70,,
11,71,,
12,71,,
63,72,,
63,73,,
56,74,,
79,75,,
32,76,,
81,77,,
3,78,,#REF!
4,78,,#REF!
18,79,,#REF!
28,79,,#REF!
71,79,,#REF!
72,79,,#REF!
32,79,,#REF!
81,79,,#REF!
81,80,,
81,81,,
33,79,,#REF!
33,82,,
33,83,,
33,84,,
33,80,,
83,85,,#REF!
5,86,,#REF!
6,86,,#REF!
69,86,,#REF!
36,86,,#REF!
24,86,,#REF!
38,88,,#REF!
73,88,,#REF!
34,89,,#REF!
48,89,,#REF!
49,89,,#REF!
82,89,,#REF!
52,89,,#REF!
53,89,,#REF!
70,90,,#REF!
66,90,,#REF!
16,91,,#REF!
17,91,,#REF!
84,93,,#REF!
29,92,,#REF!
23,92,,#REF!
86,92,,#REF!
85,94,,#REF!
35,94,,#REF!
10,94,,#REF!
11,94,,#REF!
12,94,,#REF!
20,94,,
20,95,,#REF!
21,94,,
21,95,,#REF!
61,94,,
61,80,,#REF!
22,94,,
22,80,,#REF!
75,96,,#REF!
76,96,,#REF!
26,97,,#REF!
60,97,,#REF!
44,80,,
44,97,,#REF!
77,80,,
77,97,,#REF!
8,97,,
8,80,,
8,98,,
8,99,,#REF!
9,97,,
9,80,,
9,98,,
9,99,,#REF!
30,100,,#REF!
55,100,,#REF!
63,100,,#REF!
88,101,,
88,102,,
88,103,,#REF!
93,104,,#REF!
94,104,,#REF!
95,104,,#REF!
89,101,,
89,102,,
89,103,,#REF!
19,105,,
19,102,,#REF!
58,103,,#REF!
31,103,,#REF!
1,106,,#REF!
2,106,,#REF!
65,99,,#REF!
91,99,,#REF!
27,99,,#REF!
79,99,,#REF!
59,107,,#REF!
67,108,,#REF!
68,108,,#REF!
25,109,,#REF!
78,110,,#REF!
40,111,,#REF!
41,111,,#REF!
42,111,,#REF!
50,80,,#REF!
57,80,,#REF!
46,80,,#REF!
47,80,,#REF!
54,80,,#REF!
43,80,,#REF!
45,80,,#REF!
51,80,,#REF!
56,80,,#REF!
87,80,,
87,88,,#REF!
37,80,,
37,88,,#REF!
92,80,,
92,88,,#REF!
74,112,,#REF!
14,112,,#REF!
15,112,,#REF!
80,113,,#REF!
7,113,,#REF!
62,114,,#REF!
90,115,,#REF!
39,116,,#REF!
64,116,,#REF!